customer_id,age,city,spend_segment
1,59,Chennai,Medium
2,49,Mumbai,Medium
3,35,Hyderabad,Medium
4,63,Mumbai,Medium
5,28,Hyderabad,Medium
6,41,Delhi,Medium
7,59,Hyderabad,Medium
8,39,Chennai,Low
9,43,Bengaluru,Medium
10,31,Hyderabad,Medium
11,31,Hyderabad,Medium
12,44,Bengaluru,Medium
13,56,Chennai,High
14,60,Mumbai,High
15,44,Hyderabad,Low
16,23,Bengaluru,Low
17,42,Delhi,Medium
18,22,Bengaluru,Low
19,44,Delhi,Medium
20,64,Chennai,High
21,50,Mumbai,Low
22,58,Bengaluru,Low
23,22,Hyderabad,Low
24,41,Chennai,Medium
25,53,Bengaluru,Medium
26,32,Hyderabad,Low
27,42,Bengaluru,High
28,64,Delhi,Medium
29,45,Bengaluru,Low
30,47,Bengaluru,Medium
31,62,Bengaluru,Medium
32,48,Chennai,Low
33,36,Bengaluru,Low
34,35,Hyderabad,Low
35,64,Delhi,Low
36,23,Delhi,High
37,57,Bengaluru,High
38,27,Chennai,Low
39,41,Chennai,Low
40,29,Hyderabad,Low
41,59,Bengaluru,Low
42,38,Delhi,High
43,24,Chennai,Low
44,45,Bengaluru,Low
45,34,Chennai,Low
46,29,Chennai,Medium
47,46,Delhi,Low
48,22,Mumbai,Medium
49,40,Hyderabad,Low
50,48,Hyderabad,Medium
51,27,Delhi,Medium
52,64,Chennai,Low
53,28,Bengaluru,Medium
54,55,Chennai,High
55,34,Delhi,High
56,37,Hyderabad,Medium
57,56,Chennai,Medium
58,60,Hyderabad,High
59,24,Bengaluru,Medium
60,22,Hyderabad,Low
61,26,Hyderabad,High
62,62,Mumbai,Low
63,24,Mumbai,Medium
64,49,Mumbai,Low
65,38,Hyderabad,Low
66,46,Delhi,Low
67,64,Hyderabad,Medium
68,54,Delhi,Low
69,30,Delhi,Low
70,56,Mumbai,Low
71,34,Chennai,Medium
72,51,Bengaluru,High
73,35,Mumbai,Medium
74,28,Mumbai,Medium
75,34,Chennai,High
76,43,Bengaluru,Medium
77,60,Hyderabad,Low
78,41,Hyderabad,Low
79,36,Mumbai,Low
80,38,Bengaluru,Low
81,44,Mumbai,Medium
82,46,Delhi,Medium
83,45,Mumbai,Low
84,61,Mumbai,Medium
85,49,Hyderabad,Medium
86,35,Hyderabad,Low
87,21,Hyderabad,High
88,45,Delhi,Medium
89,27,Hyderabad,Low
90,29,Bengaluru,Medium
91,44,Chennai,Medium
92,21,Bengaluru,Medium
93,64,Bengaluru,Medium
94,28,Hyderabad,Medium
95,44,Chennai,Medium
96,31,Chennai,Low
97,37,Chennai,Low
98,28,Delhi,Low
99,55,Hyderabad,Medium
100,55,Chennai,Low
101,53,Delhi,High
102,25,Mumbai,Medium
103,62,Mumbai,High
104,59,Delhi,High
105,61,Delhi,High
106,48,Hyderabad,High
107,27,Hyderabad,Medium
108,29,Mumbai,Medium
109,28,Chennai,Low
110,32,Mumbai,Low
111,54,Chennai,Medium
112,53,Chennai,Medium
113,43,Hyderabad,Low
114,44,Bengaluru,Medium
115,57,Bengaluru,High
116,55,Delhi,Medium
117,64,Hyderabad,Medium
118,60,Chennai,High
119,42,Bengaluru,High
120,47,Chennai,Medium
121,55,Bengaluru,High
122,21,Bengaluru,High
123,55,Bengaluru,High
124,57,Hyderabad,Low
125,34,Mumbai,Medium
126,23,Chennai,Low
127,21,Hyderabad,Low
128,25,Hyderabad,Medium
129,46,Hyderabad,Medium
130,34,Hyderabad,High
131,59,Hyderabad,Low
132,47,Delhi,High
133,29,Chennai,Medium
134,35,Hyderabad,Medium
135,35,Chennai,High
136,46,Delhi,Medium
137,62,Delhi,Low
138,33,Chennai,High
139,52,Bengaluru,Low
140,59,Mumbai,Low
141,52,Bengaluru,High
142,24,Bengaluru,Low
143,50,Bengaluru,Medium
144,57,Hyderabad,Low
145,43,Delhi,High
146,59,Bengaluru,Low
147,35,Delhi,High
148,63,Chennai,Medium
149,49,Mumbai,Low
150,56,Chennai,Medium
151,33,Chennai,High
152,52,Hyderabad,Medium
153,27,Mumbai,Low
154,42,Chennai,Medium
155,48,Chennai,Medium
156,22,Mumbai,Medium
157,62,Mumbai,Medium
158,26,Chennai,Medium
159,48,Mumbai,Low
160,48,Chennai,Medium
161,64,Chennai,Medium
162,64,Hyderabad,Low
163,40,Bengaluru,High
164,50,Chennai,Medium
165,31,Delhi,Medium
166,48,Bengaluru,High
167,45,Bengaluru,Medium
168,59,Bengaluru,High
169,53,Hyderabad,Medium
170,21,Chennai,Low
171,47,Hyderabad,Medium
172,33,Chennai,Medium
173,61,Hyderabad,Medium
174,23,Hyderabad,Low
175,59,Delhi,Low
176,26,Hyderabad,Low
177,28,Mumbai,Low
178,47,Delhi,Medium
179,29,Hyderabad,Low
180,57,Bengaluru,Medium
181,53,Mumbai,Medium
182,62,Mumbai,Medium
183,64,Mumbai,High
184,44,Delhi,Medium
185,35,Hyderabad,Medium
186,52,Hyderabad,Medium
187,52,Bengaluru,Low
188,44,Bengaluru,High
189,61,Mumbai,Low
190,32,Bengaluru,Low
191,59,Delhi,Medium
192,22,Hyderabad,Low
193,23,Mumbai,High
194,57,Bengaluru,Medium
195,37,Delhi,High
196,22,Delhi,Medium
197,22,Bengaluru,Medium
198,48,Hyderabad,High
199,43,Bengaluru,Low
200,57,Mumbai,High
201,52,Bengaluru,Low
202,53,Delhi,Medium
203,21,Bengaluru,Low
204,39,Hyderabad,Medium
205,22,Chennai,Low
206,64,Bengaluru,High
207,46,Hyderabad,High
208,52,Hyderabad,High
209,26,Delhi,Low
210,52,Hyderabad,Medium
211,24,Hyderabad,Medium
212,31,Hyderabad,Low
213,37,Hyderabad,Low
214,58,Mumbai,Medium
215,44,Mumbai,Medium
216,25,Delhi,Medium
217,54,Bengaluru,Medium
218,26,Hyderabad,Low
219,42,Bengaluru,Low
220,31,Bengaluru,Low
221,36,Delhi,High
222,53,Hyderabad,Low
223,29,Hyderabad,Low
224,26,Chennai,Low
225,36,Bengaluru,High
226,49,Bengaluru,High
227,23,Mumbai,Medium
228,40,Chennai,Medium
229,56,Mumbai,Medium
230,39,Mumbai,Low
231,46,Mumbai,High
232,23,Delhi,Medium
233,39,Delhi,Medium
234,40,Mumbai,Medium
235,52,Chennai,Medium
236,27,Bengaluru,Medium
237,61,Chennai,High
238,53,Hyderabad,High
239,60,Delhi,Medium
240,59,Bengaluru,Medium
241,38,Bengaluru,Low
242,60,Hyderabad,Medium
243,21,Hyderabad,Low
244,31,Mumbai,Medium
245,48,Delhi,High
246,45,Delhi,Medium
247,43,Chennai,Medium
248,51,Mumbai,Low
249,50,Mumbai,Low
250,62,Mumbai,Medium
251,55,Mumbai,Low
252,27,Delhi,Low
253,36,Delhi,Medium
254,46,Mumbai,Medium
255,22,Chennai,Medium
256,21,Bengaluru,Low
257,32,Bengaluru,Medium
258,25,Chennai,Medium
259,57,Mumbai,Medium
260,52,Delhi,Medium
261,29,Bengaluru,Low
262,61,Hyderabad,Medium
263,55,Hyderabad,Medium
264,39,Chennai,High
265,36,Mumbai,Medium
266,23,Bengaluru,Medium
267,40,Mumbai,Medium
268,44,Bengaluru,Medium
269,53,Chennai,High
270,44,Chennai,Medium
271,31,Hyderabad,Medium
272,28,Mumbai,Medium
273,56,Hyderabad,Medium
274,58,Mumbai,Medium
275,60,Hyderabad,High
276,40,Delhi,Medium
277,55,Delhi,Medium
278,45,Delhi,High
279,55,Delhi,Low
280,45,Bengaluru,Low
281,49,Delhi,Low
282,38,Chennai,High
283,38,Chennai,Low
284,22,Bengaluru,Low
285,55,Delhi,Low
286,36,Delhi,Low
287,61,Delhi,Low
288,56,Hyderabad,Medium
289,53,Mumbai,Medium
290,24,Hyderabad,Low
291,53,Mumbai,Low
292,34,Delhi,Low
293,41,Delhi,Low
294,40,Hyderabad,Medium
295,28,Hyderabad,Medium
296,27,Mumbai,Low
297,23,Chennai,Medium
298,37,Mumbai,Low
299,53,Hyderabad,High
300,32,Hyderabad,Medium
301,42,Bengaluru,Medium
302,42,Hyderabad,Low
303,50,Bengaluru,High
304,58,Chennai,Low
305,58,Mumbai,Low
306,28,Mumbai,Low
307,47,Bengaluru,Low
308,47,Mumbai,High
309,54,Hyderabad,Medium
310,41,Delhi,Low
311,50,Bengaluru,Medium
312,53,Mumbai,High
313,48,Bengaluru,High
314,53,Bengaluru,Medium
315,25,Delhi,High
316,39,Hyderabad,High
317,24,Bengaluru,Medium
318,55,Mumbai,Low
319,37,Chennai,Medium
320,64,Bengaluru,High
321,48,Bengaluru,Low
322,50,Delhi,High
323,49,Hyderabad,Low
324,26,Chennai,Low
325,55,Mumbai,Low
326,61,Chennai,Low
327,57,Mumbai,High
328,44,Hyderabad,High
329,49,Mumbai,High
330,51,Delhi,Medium
331,55,Delhi,Low
332,53,Delhi,Medium
333,41,Delhi,Medium
334,52,Chennai,Medium
335,43,Hyderabad,Low
336,53,Mumbai,Medium
337,23,Mumbai,Medium
338,38,Delhi,High
339,45,Delhi,High
340,62,Bengaluru,Medium
341,51,Hyderabad,Medium
342,23,Chennai,Medium
343,60,Mumbai,Low
344,44,Bengaluru,High
345,52,Bengaluru,High
346,42,Mumbai,Medium
347,43,Chennai,Low
348,22,Bengaluru,Low
349,47,Bengaluru,Medium
350,62,Hyderabad,Low
351,22,Chennai,High
352,46,Bengaluru,Low
353,37,Chennai,Low
354,60,Mumbai,High
355,53,Delhi,Medium
356,29,Bengaluru,Low
357,63,Hyderabad,Low
358,59,Mumbai,Low
359,49,Chennai,Medium
360,62,Mumbai,Low
361,46,Bengaluru,Medium
362,55,Chennai,High
363,45,Delhi,Low
364,44,Mumbai,High
365,33,Bengaluru,High
366,27,Hyderabad,Low
367,56,Chennai,High
368,40,Mumbai,Medium
369,21,Mumbai,High
370,28,Delhi,Medium
371,36,Delhi,Medium
372,34,Hyderabad,Medium
373,32,Hyderabad,High
374,43,Bengaluru,Medium
375,35,Bengaluru,Medium
376,48,Hyderabad,High
377,54,Hyderabad,Low
378,22,Chennai,Low
379,52,Delhi,Low
380,43,Bengaluru,Low
381,42,Delhi,Low
382,45,Delhi,High
383,42,Hyderabad,Low
384,42,Chennai,Medium
385,62,Mumbai,Low
386,26,Chennai,High
387,35,Chennai,High
388,63,Delhi,Medium
389,57,Chennai,High
390,53,Bengaluru,Low
391,28,Delhi,High
392,64,Bengaluru,Low
393,64,Mumbai,High
394,25,Delhi,Low
395,59,Mumbai,Medium
396,24,Delhi,Medium
397,26,Hyderabad,Low
398,52,Chennai,Low
399,50,Hyderabad,Low
400,55,Mumbai,Low
401,60,Chennai,Medium
402,36,Delhi,Low
403,33,Chennai,Low
404,62,Bengaluru,Low
405,50,Chennai,High
406,39,Bengaluru,Low
407,37,Chennai,Low
408,39,Bengaluru,Low
409,48,Mumbai,Medium
410,46,Hyderabad,High
411,57,Delhi,Low
412,46,Chennai,Low
413,43,Hyderabad,Medium
414,29,Delhi,Medium
415,32,Delhi,Low
416,21,Bengaluru,Medium
417,21,Mumbai,High
418,54,Mumbai,Low
419,52,Hyderabad,Medium
420,45,Mumbai,Medium
421,60,Chennai,Medium
422,21,Mumbai,Low
423,36,Hyderabad,Low
424,59,Mumbai,High
425,25,Chennai,High
426,42,Bengaluru,Medium
427,49,Hyderabad,Medium
428,23,Bengaluru,Medium
429,32,Bengaluru,Medium
430,46,Bengaluru,Low
431,36,Delhi,Low
432,57,Delhi,High
433,42,Bengaluru,Low
434,49,Hyderabad,High
435,34,Chennai,Low
436,48,Chennai,Low
437,25,Mumbai,Low
438,50,Hyderabad,Medium
439,25,Delhi,High
440,32,Bengaluru,Low
441,36,Mumbai,High
442,46,Chennai,Medium
443,46,Delhi,High
444,41,Delhi,Low
445,59,Bengaluru,High
446,56,Chennai,Medium
447,53,Hyderabad,Low
448,50,Delhi,Low
449,57,Bengaluru,High
450,43,Hyderabad,High
451,30,Chennai,Low
452,25,Delhi,Medium
453,56,Hyderabad,High
454,54,Hyderabad,High
455,51,Hyderabad,High
456,30,Delhi,Medium
457,39,Delhi,Medium
458,52,Mumbai,Low
459,21,Chennai,Low
460,25,Bengaluru,Medium
461,24,Hyderabad,Medium
462,36,Mumbai,Low
463,44,Bengaluru,High
464,36,Mumbai,Medium
465,22,Delhi,Medium
466,48,Hyderabad,Medium
467,52,Bengaluru,Medium
468,47,Bengaluru,Low
469,40,Bengaluru,Low
470,44,Bengaluru,Low
471,32,Bengaluru,Low
472,55,Mumbai,Medium
473,53,Hyderabad,Medium
474,53,Delhi,Low
475,63,Delhi,Medium
476,57,Delhi,Low
477,32,Delhi,High
478,23,Mumbai,High
479,21,Chennai,Low
480,53,Hyderabad,Medium
481,60,Bengaluru,Low
482,30,Chennai,Medium
483,63,Delhi,Medium
484,64,Chennai,Low
485,49,Hyderabad,Medium
486,33,Bengaluru,Low
487,32,Bengaluru,Low
488,51,Hyderabad,Medium
489,22,Hyderabad,Low
490,55,Delhi,Medium
491,43,Bengaluru,Medium
492,37,Chennai,High
493,46,Mumbai,Low
494,28,Mumbai,Medium
495,49,Hyderabad,Medium
496,46,Delhi,Low
497,30,Mumbai,High
498,46,Bengaluru,Medium
499,54,Hyderabad,Medium
500,61,Chennai,Medium
