merchant_id,merchant_category,city
1,Food,Delhi
2,Grocery,Bengaluru
3,Fashion,Chennai
4,Fashion,Mumbai
5,Grocery,Delhi
6,Grocery,Mumbai
7,Food,Chennai
8,Grocery,Chennai
9,Food,Hyderabad
10,Food,Bengaluru
11,Grocery,Hyderabad
12,Electronics,Delhi
13,Electronics,Mumbai
14,Food,Delhi
15,Grocery,Chennai
16,Electronics,Hyderabad
17,Grocery,Hyderabad
18,Grocery,Hyderabad
19,Grocery,Delhi
20,Travel,Chennai
21,Grocery,Mumbai
22,Travel,Mumbai
23,Food,Delhi
24,Electronics,Hyderabad
25,Electronics,Bengaluru
26,Electronics,Delhi
27,Electronics,Delhi
28,Electronics,Chennai
29,Electronics,Mumbai
30,Electronics,Delhi
31,Food,Delhi
32,Grocery,Hyderabad
33,Fashion,Hyderabad
34,Travel,Bengaluru
35,Fashion,Chennai
36,Fashion,Bengaluru
37,Grocery,Hyderabad
38,Grocery,Mumbai
39,Grocery,Hyderabad
40,Electronics,Chennai
41,Food,Hyderabad
42,Electronics,Chennai
43,Food,Chennai
44,Food,Chennai
45,Fashion,Chennai
46,Fashion,Chennai
47,Food,Mumbai
48,Food,Bengaluru
49,Electronics,Delhi
50,Electronics,Bengaluru
